StateAbbr,CityName,UniqueID,CityFIPS,TractFIPS,Data_Value,Population2010,Lat,Lon,Walk Score
OH,Parma,3961000-39035177404,3961000,39035177404,29.2,2875,41.3897449179,-81.7394479009,56
OH,Columbus,3918000-39049000810,3918000,39049000810,37.8,2540,40.0265433635,-82.9761993151,47
OH,Columbus,3918000-39049008825,3918000,39049008825,35.1,5908,39.8862043104,-82.9772707362,25
OH,Toledo,3977000-39095008400,3977000,39095008400,32.2,758,41.6671665767,-83.6832573727,53
OH,Dayton,3921000-39113165200,3921000,39113165200,48.8,1669,39.7671842175,-84.1981734091,65
OH,Cleveland,3916000-39035101101,3916000,39035101101,47.6,1783,41.4817300513,-81.7480506509,64
OH,Akron,3901000-39153507101,3901000,39153507101,31.3,5195,41.1253246667,-81.5768443398,16
OH,Cincinnati,3915000-39061001100,3915000,39061001100,42.8,900,39.1098158418,-84.5060626783,90
OH,Cincinnati,3915000-39061007400,3915000,39061007400,36.3,1598,39.1623431656,-84.5348285925,84
OH,Canton,3912000-39151712202,3912000,39151712202,28.4,2030,40.8523614138,-81.3552209996,14
OH,Cleveland,3916000-39035122200,3916000,39035122200,46.5,1832,41.4355398318,-81.5724890211,28
OH,Cleveland,3916000-39035119100,3916000,39035119100,28.9,127,41.5021684751,-81.6091133657,73
OH,Canton,3912000-39151701500,3912000,39151701500,41.7,2988,40.7944191553,-81.3882382803,58
OH,Akron,3901000-39153504100,3901000,39153504100,36.7,1222,41.0654771085,-81.5056081414,28
OH,Akron,3901000-39153505600,3901000,39153505600,44.4,1394,41.0518660947,-81.5404127107,11
OH,Cincinnati,3915000-39061010500,3915000,39061010500,33.1,1448,39.1107387959,-84.6858320913,29
OH,Columbus,3918000-39049000320,3918000,39049000320,32.5,2390,40.038159335,-82.9834210035,47
OH,Columbus,3918000-39049008730,3918000,39049008730,48.4,1761,39.9303449052,-82.9428810346,18
OH,Cincinnati,3915000-39061005400,3915000,39061005400,25.8,969,39.1612206526,-84.4258173747,58
OH,Parma,3961000-39035177607,3961000,39035177607,29.3,3747,41.3573881504,-81.7473845645,5
OH,Cleveland,3916000-39035118800,3916000,39035118800,24.5,3081,41.5089413543,-81.5983590608,86
OH,Cleveland,3916000-39035105300,3916000,39035105300,44.3,3434,41.4584614728,-81.7167186413,61
OH,Columbus,3918000-39045032702,3918000,39045032702,37.4,6038,39.9227549293,-82.8066244683,13
OH,Parma,3961000-39035177604,3961000,39035177604,28.9,2095,41.3653742866,-81.7701385321,24
OH,Cleveland,3916000-39035124300,3916000,39035124300,37.3,4038,41.4408097653,-81.7852055128,44
OH,Cincinnati,3915000-39061008502,3915000,39061008502,47.0,1916,39.1582642418,-84.5590405483,1
OH,Toledo,3977000-39095000400,3977000,39095000400,39.7,3676,41.6974993277,-83.5595336414,58
OH,Cleveland,3916000-39035121401,3916000,39035121401,48.9,1742,41.4476451286,-81.5920559172,57
OH,Columbus,3918000-39049000910,3918000,39049000910,49.1,3409,40.0159913376,-82.974139251,63
OH,Akron,3901000-39153506200,3901000,39153506200,43.6,4043,41.0879228662,-81.5719277142,61
OH,Cleveland,3916000-39035123603,3916000,39035123603,30.6,3212,41.4482944533,-81.8110662013,74
OH,Akron,3901000-39153502200,3901000,39153502200,37.7,5642,41.0968405496,-81.4884726996,44
OH,Cleveland,3916000-39035111401,3916000,39035111401,50.6,1253,41.5369125988,-81.6263937573,33
OH,Cleveland,3916000-39035117101,3916000,39035117101,44.9,2416,41.573845677,-81.5817399857,41
OH,Toledo,3977000-39095002700,3977000,39095002700,50.3,1055,41.6576908587,-83.548166351,82
OH,Dayton,3921000-39113004300,3921000,39113004300,56.4,2036,39.7202489653,-84.240062467,4
OH,Toledo,3977000-39095001900,3977000,39095001900,51.7,1728,41.6739084321,-83.5244265967,24
OH,Cleveland,3916000-39035105500,3916000,39035105500,43.5,1854,41.4545849285,-81.7048569633,66
OH,Cleveland,3916000-39035113101,3916000,39035113101,54.0,956,41.5010197363,-81.6362721811,76
OH,Cincinnati,3915000-39061003200,3915000,39061003200,27.9,1622,39.1373592645,-84.5052888759,76
OH,Toledo,3977000-39095005400,3977000,39095005400,45.8,3227,41.6255590396,-83.5588369028,46
OH,Columbus,3918000-39049004200,3918000,39049004200,51.8,1370,39.9587912087,-83.012400868,56
OH,Cincinnati,3915000-39061003600,3915000,39061003600,51.4,1451,39.135188981,-84.485804173,55
OH,Youngstown,3988000-39099804300,3988000,39099804300,46.8,968,41.1279160851,-80.6400427221,19
OH,Youngstown,3988000-39099801600,3988000,39099801600,48.9,3021,41.0663609659,-80.653259868,58
OH,Columbus,3918000-39049007953,3918000,39049007953,28.6,5610,39.9934935299,-83.1640678935,31
OH,Columbus,3918000-39049005300,3918000,39049005300,46.5,3054,39.9553231175,-82.9740476994,63
OH,Columbus,3918000-39049008821,3918000,39049008821,36.3,2695,39.9139619841,-82.9983921033,22
OH,Cincinnati,3915000-39061024400,3915000,39061024400,24.0,96,39.1594202606,-84.3790401402,45
OH,Akron,3901000-39153501900,3901000,39153501900,49.3,2465,41.0656520966,-81.5326907034,49
OH,Toledo,3977000-39095001301,3977000,39095001301,30.2,2694,41.6702068372,-83.6173194298,51
OH,Akron,3901000-39153505400,3901000,39153505400,36.6,3835,41.047910854,-81.5634557544,62
OH,Columbus,3918000-39049005500,3918000,39049005500,49.2,4228,39.9460762667,-82.9603156627,57
OH,Columbus,3918000-39049008161,3918000,39049008161,32.7,6491,39.9097235412,-83.1342793345,7
OH,Columbus,3918000-39049007531,3918000,39049007531,42.1,2259,40.0504010545,-82.9493430713,45
OH,Dayton,3921000-39113060300,3921000,39113060300,48.9,1183,39.7280998038,-84.2640504156,15
OH,Cleveland,3916000-39035113801,3916000,39035113801,53.7,2009,41.4894986386,-81.6455445033,52
OH,Parma,3961000-39035177504,3961000,39035177504,28.7,4045,41.3715264597,-81.7078326251,21
OH,Parma,3961000-39035177606,3961000,39035177606,27.3,3804,41.3724492981,-81.7441167542,28
OH,Columbus,3918000-39049001500,3918000,39049001500,54.6,2031,39.9916118541,-82.9778811997,52
OH,Columbus,3918000-39049006371,3918000,39049006371,26.6,5903,40.0850622498,-83.1028009857,30
OH,Columbus,3918000-39049009900,3918000,39049009900,36.1,1499,40.1006266304,-82.9896770428,34
OH,Columbus,3918000-39049008163,3918000,39049008163,38.0,3518,39.939568105,-83.1341739071,36
OH,Columbus,3918000-39049010000,3918000,39049010000,28.5,4608,40.0852873106,-82.8813054201,12
OH,Cleveland,3916000-39035105700,3916000,39035105700,36.6,4165,41.4408000891,-81.6922943564,43
OH,Cleveland,3916000-39035127501,3916000,39035127501,49.2,3164,41.4529237732,-81.6165860155,18
OH,Toledo,3977000-39095003900,3977000,39095003900,41.9,5309,41.632251718,-83.592556965,60
OH,Cincinnati,3915000-39061001800,3915000,39061001800,33.0,1473,39.1151544867,-84.5059737609,75
OH,Cleveland,3916000-39035107101,3916000,39035107101,33.0,4193,41.5158379658,-81.6875257874,8
OH,Akron,3901000-39153505900,3901000,39153505900,35.4,2423,41.0379715587,-81.53662183,23
OH,Toledo,3977000-39095000600,3977000,39095000600,40.8,4535,41.6861812024,-83.5757843221,46
OH,Cleveland,3916000-39035123400,3916000,39035123400,27.7,3665,41.4590824741,-81.8172202647,46
OH,Cleveland,3916000-39035196400,3916000,39035196400,45.8,2547,41.4428838638,-81.7750029153,35
OH,Cincinnati,3915000-39061002900,3915000,39061002900,22.0,6025,39.1352247861,-84.5260290373,60
OH,Cleveland,3916000-39035123601,3916000,39035123601,30.4,2902,41.4397280865,-81.8127488082,35
OH,Columbus,3918000-39049009374,3918000,39049009374,37.2,7943,39.9231136524,-82.8285455587,62
OH,Cleveland,3916000-39035115100,3916000,39035115100,43.6,1331,41.456263743,-81.6477298523,74
OH,Parma,3961000-39035177605,3961000,39035177605,28.3,2716,41.3565718801,-81.7744173197,15
OH,Cleveland,3916000-39035116600,3916000,39035116600,49.5,2629,41.5351671558,-81.6031443677,45
OH,Cleveland,3916000-39035114900,3916000,39035114900,46.7,2199,41.46662549,-81.6432026525,67
OH,Cleveland,3916000-39035101300,3916000,39035101300,41.8,1629,41.4805280296,-81.764062347,79
OH,Cleveland,3916000-39035101603,3916000,39035101603,42.7,2471,41.4714073054,-81.7522556146,68
OH,Youngstown,3988000-39099800500,3988000,39099800500,49.8,4375,41.122063208,-80.6255576975,5
OH,Columbus,3918000-39049007112,3918000,39049007112,34.8,3761,40.0702202411,-82.9428384693,12
OH,Columbus,3918000-39049004700,3918000,39049004700,44.6,4971,39.950184365,-83.063649059,58
OH,Columbus,3918000-39049004610,3918000,39049004610,31.6,3368,39.9488602995,-83.0842357124,55
OH,Columbus,3918000-39049008350,3918000,39049008350,40.7,6529,39.9269303243,-83.110353765,14
OH,Cincinnati,3915000-39061026300,3915000,39061026300,40.9,1217,39.10770452,-84.5388349813,41
OH,Akron,3901000-39153505500,3901000,39153505500,33.4,2688,41.0503540075,-81.5528749803,42
OH,Akron,3901000-39153503600,3901000,39153503600,31.2,4352,41.0532914969,-81.4659928989,22
OH,Columbus,3918000-39049008242,3918000,39049008242,30.1,5524,39.9793131423,-83.0998825668,27
OH,Columbus,3918000-39049008360,3918000,39049008360,33.3,5786,39.9237530959,-83.0781020037,14
OH,Youngstown,3988000-39099800600,3988000,39099800600,49.0,1403,41.1046385113,-80.6253989125,25
OH,Columbus,3918000-39049000220,3918000,39049000220,25.5,3727,40.0369880297,-83.0113310486,68
OH,Columbus,3918000-39049009333,3918000,39049009333,43.4,2059,39.9425331656,-82.9044735888,53
OH,Columbus,3918000-39049006391,3918000,39049006391,23.7,1998,40.1233268843,-83.045889814,26
OH,Akron,3901000-39153507500,3901000,39153507500,40.7,6219,41.1207060493,-81.5239895438,10
OH,Cincinnati,3915000-39061010800,3915000,39061010800,32.2,635,39.1672520824,-84.4104290424,22
OH,Cleveland,3916000-39035103602,3916000,39035103602,38.4,3254,41.4934494024,-81.7153521621,46
OH,Columbus,3918000-39049009381,3918000,39049009381,29.3,725,39.9801382306,-82.8177797828,45
OH,Canton,3912000-39151700200,3912000,39151700200,39.6,4464,40.825608092,-81.3323388297,30
OH,Columbus,3918000-39049004810,3918000,39049004810,36.1,2891,39.9402281727,-83.0742031379,65
OH,Cincinnati,3915000-39061002000,3915000,39061002000,27.6,1352,39.1224043777,-84.4837807447,71
OH,Cleveland,3916000-39035117300,3916000,39035117300,50.1,2580,41.5546332037,-81.5835447415,49
OH,Columbus,3918000-39049007395,3918000,39049007395,31.1,10218,39.9889979468,-82.8093793418,26
OH,Dayton,3921000-39113003201,3921000,39113003201,34.8,3442,39.7250053189,-84.1585032749,70
OH,Columbus,3918000-39049007132,3918000,39049007132,27.4,7422,40.0680752752,-82.8761198908,2
OH,Cincinnati,3915000-39061010600,3915000,39061010600,28.3,1317,39.1221803069,-84.6987865683,24
OH,Toledo,3977000-39095007302,3977000,39095007302,42.0,3620,41.6329299726,-83.6472726022,11
OH,Akron,3901000-39153507600,3901000,39153507600,34.9,4248,41.1172731778,-81.5031792616,46
OH,Toledo,3977000-39095002402,3977000,39095002402,52.5,1684,41.6581653215,-83.5848444963,42
OH,Toledo,3977000-39095005701,3977000,39095005701,42.6,3481,41.7258932566,-83.5645601536,48
OH,Columbus,3918000-39049007041,3918000,39049007041,23.5,2043,40.1251707573,-83.0243555705,11
OH,Parma,3961000-39035177403,3961000,39035177403,29.2,3132,41.3998315485,-81.7401147345,51
OH,Toledo,3977000-39095001100,3977000,39095001100,51.3,2473,41.6945989021,-83.5151605809,5
OH,Columbus,3918000-39049007424,3918000,39049007424,31.9,599,40.0279564401,-82.9071646687,45
OH,Dayton,3921000-39113001600,3921000,39113001600,43.6,1734,39.7996705021,-84.2018417881,34
OH,Dayton,3921000-39113165100,3921000,39113165100,58.5,2687,39.7539406055,-84.2170426509,63
OH,Columbus,3918000-39049007199,3918000,39049007199,30.8,5236,40.0687680952,-82.9138178692,9
OH,Cincinnati,3915000-39061007100,3915000,39061007100,24.8,3569,39.1543316519,-84.5252173087,15
OH,Cincinnati,3915000-39061008800,3915000,39061008800,47.0,3161,39.1425122839,-84.5709117923,16
OH,Cleveland,3916000-39035101400,3916000,39035101400,40.0,2195,41.4704595802,-81.7638352545,57
OH,Cleveland,3916000-39035104900,3916000,39035104900,40.7,2493,41.4611884393,-81.7053537721,65
OH,Parma,3961000-39035177501,3961000,39035177501,30.8,4226,41.3960316383,-81.7050614972,37
OH,Columbus,3918000-39049002100,3918000,39049002100,23.1,1808,39.9787511013,-83.0063566818,94
OH,Cleveland,3916000-39035118200,3916000,39035118200,51.8,2101,41.5256793935,-81.6108925711,52
OH,Columbus,3918000-39049006353,3918000,39049006353,25.9,4461,40.0585867298,-83.0693968728,74
OH,Toledo,3977000-39095005901,3977000,39095005901,31.9,2580,41.7247455283,-83.6147584051,48
OH,Cleveland,3916000-39035124201,3916000,39035124201,35.6,2598,41.4447988251,-81.7965671048,27
OH,Columbus,3918000-39049008380,3918000,39049008380,33.1,5201,39.9017638053,-83.0258016287,5
OH,Cincinnati,3915000-39061002500,3915000,39061002500,27.6,2433,39.124429453,-84.5168601026,90
OH,Parma,3961000-39035177505,3961000,39035177505,27.9,4649,41.3565389576,-81.7027725833,16
OH,Parma,3961000-39035177304,3961000,39035177304,32.3,3601,41.4088664351,-81.6962778931,39
OH,Cincinnati,3915000-39061000900,3915000,39061000900,45.4,1652,39.1099206052,-84.517754147,98
OH,Toledo,3977000-39095006800,3977000,39095006800,40.8,4877,41.6205336827,-83.6164251381,16
OH,Columbus,3918000-39049007114,3918000,39049007114,34.5,4405,40.0984052571,-82.9398371545,20
OH,Youngstown,3988000-39099814100,3988000,39099814100,41.1,2608,41.1199317507,-80.6939579303,19
OH,Cleveland,3916000-39035121900,3916000,39035121900,45.6,1408,41.4453904547,-81.5692163718,68
OH,Cincinnati,3915000-39061010003,3915000,39061010003,39.7,4473,39.1351316516,-84.584992473,4
OH,Columbus,3918000-39049007115,3918000,39049007115,35.1,5378,40.086963101,-82.9400883634,31
OH,Columbus,3918000-39049006943,3918000,39049006943,35.7,4489,40.0941596165,-82.9793118279,45
OH,Dayton,3921000-39113002200,3921000,39113002200,48.5,2903,39.7512832982,-84.1668006843,67
OH,Canton,3912000-39151701100,3912000,39151701100,33.4,3258,40.8018440771,-81.4151734485,65
OH,Cleveland,3916000-39035120702,3916000,39035120702,48.2,2031,41.4590130263,-81.5921528727,53
OH,Toledo,3977000-39095004900,3977000,39095004900,42.8,3045,41.6377240265,-83.5105495676,54
OH,Columbus,3918000-39049006351,3918000,39049006351,27.6,3786,40.0669521268,-83.0543051816,72
OH,Columbus,3918000-39049008321,3918000,39049008321,35.5,2299,39.9365323223,-83.0825170795,38
OH,Toledo,3977000-39095001700,3977000,39095001700,50.2,1795,41.6715641773,-83.5401899499,54
OH,Columbus,3918000-39049000730,3918000,39049000730,49.6,3090,40.0050776253,-82.9736695792,51
OH,Cleveland,3916000-39035126100,3916000,39035126100,43.9,2992,41.5500609994,-81.5481317159,32
OH,Columbus,3918000-39049003600,3918000,39049003600,44.8,1442,39.9685662474,-82.9752005318,77
OH,Toledo,3977000-39095002200,3977000,39095002200,56.2,1556,41.6674177287,-83.5480181632,62
OH,Columbus,3918000-39049005200,3918000,39049005200,24.5,2584,39.9504113868,-82.9926051964,94
OH,Cincinnati,3915000-39061008201,3915000,39061008201,37.6,4018,39.2036806582,-84.5446672738,47
OH,Columbus,3918000-39049006372,3918000,39049006372,27.7,5603,40.0734785655,-83.0978769534,29
OH,Cleveland,3916000-39035115400,3916000,39035115400,45.2,2275,41.451803145,-81.6437834677,62
OH,Canton,3912000-39151702100,3912000,39151702100,47.1,3390,40.794252438,-81.3515285259,49
OH,Columbus,3918000-39049010601,3918000,39049010601,25.2,2567,40.011336373,-83.1737666211,6
OH,Cincinnati,3915000-39061003800,3915000,39061003800,46.2,2434,39.1421636815,-84.4743021636,59
OH,Toledo,3977000-39095001800,3977000,39095001800,49.9,2797,41.6734640528,-83.5344010719,40
OH,Columbus,3918000-39049008812,3918000,39049008812,43.6,3034,39.9070760467,-82.9432724692,1
OH,Akron,3901000-39153501800,3901000,39153501800,46.3,1054,41.0688191553,-81.5429230092,53
OH,Cleveland,3916000-39035122100,3916000,39035122100,46.5,3208,41.4450950548,-81.5560577784,53
OH,Cincinnati,3915000-39061004605,3915000,39061004605,26.5,2408,39.0943061046,-84.4016432682,3
OH,Columbus,3918000-39049006383,3918000,39049006383,28.5,6109,40.1143015198,-83.075843138,46
OH,Cincinnati,3915000-39061005800,3915000,39061005800,38.2,4847,39.1829105543,-84.4110636941,35
OH,Toledo,3977000-39095005801,3977000,39095005801,37.4,3460,41.7248469698,-83.5930275728,37
OH,Youngstown,3988000-39099800300,3988000,39099800300,48.0,1266,41.1081255592,-80.6028132147,4
OH,Cleveland,3916000-39035121800,3916000,39035121800,46.2,1696,41.4535428588,-81.5505208506,22
OH,Dayton,3921000-39113000801,3921000,39113000801,50.3,3669,39.7896038244,-84.2196528074,42
OH,Columbus,3918000-39049000500,3918000,39049000500,26.4,4057,40.0214202159,-83.0082002604,85
OH,Cincinnati,3915000-39061002300,3915000,39061002300,43.1,1143,39.1213158499,-84.5118957034,63
OH,Toledo,3977000-39095003500,3977000,39095003500,55.1,1529,41.6419793473,-83.5801634929,36
OH,Parma,3961000-39035177608,3961000,39035177608,28.7,5552,41.3808781911,-81.7215813852,13
OH,Columbus,3918000-39049001820,3918000,39049001820,26.3,2598,39.9878109352,-83.014419932,82
OH,Cleveland,3916000-39035107000,3916000,39035107000,29.0,1646,41.4320110384,-81.6794639601,11
OH,Cincinnati,3915000-39061002800,3915000,39061002800,39.4,1343,39.1385595792,-84.5398480503,61
OH,Columbus,3918000-39041011561,3918000,39041011561,27.6,3496,40.1445633608,-83.0072173991,7
OH,Cleveland,3916000-39035116200,3916000,39035116200,49.5,1146,41.5439532522,-81.6113522789,56
OH,Columbus,3918000-39049000210,3918000,39049000210,25.6,2935,40.0446045876,-83.0096351829,39
OH,Canton,3912000-39151700500,3912000,39151700500,42.9,3041,40.8128423039,-81.3604982823,41
OH,Cincinnati,3915000-39061008400,3915000,39061008400,33.7,1998,39.1886159412,-84.5544840096,5
OH,Dayton,3921000-39113001000,3921000,39113001000,55.8,1356,39.764050112,-84.2108497271,58
OH,Cincinnati,3915000-39061004500,3915000,39061004500,25.7,469,39.068542018,-84.4199639127,6
OH,Dayton,3921000-39113004100,3921000,39113004100,56.2,2517,39.7396659619,-84.2293843158,48
OH,Columbus,3918000-39049007921,3918000,39049007921,30.2,133,40.0562012548,-83.1743931897,32
OH,Youngstown,3988000-39099803000,3988000,39099803000,38.5,1970,41.1103914904,-80.6976262799,34
OH,Cincinnati,3915000-39061027200,3915000,39061027200,43.0,2368,39.1285765408,-84.5597814767,16
OH,Cleveland,3916000-39035112600,3916000,39035112600,54.0,1048,41.5128283884,-81.6247046141,57
OH,Akron,3901000-39153501100,3901000,39153501100,37.6,1482,41.0903864462,-81.5058547806,23
OH,Toledo,3977000-39095002401,3977000,39095002401,38.1,3759,41.6581542657,-83.598043686,14
OH,Cleveland,3916000-39035105100,3916000,39035105100,39.9,3790,41.4546146988,-81.7306028709,36
OH,Youngstown,3988000-39099802300,3988000,39099802300,49.8,1033,41.0769537262,-80.6697640695,22
OH,Cincinnati,3915000-39061005900,3915000,39061005900,33.2,1142,39.1794195082,-84.4458691581,18
OH,Cincinnati,3915000-39061010005,3915000,39061010005,34.5,1497,39.1220009768,-84.5955173824,54
OH,Cleveland,3916000-39035106600,3916000,39035106600,34.2,3222,41.4254215122,-81.7147824648,64
OH,Columbus,3918000-39049001700,3918000,39049001700,33.4,2704,39.9905266198,-83.003396179,95
OH,Akron,3901000-39153532902,3901000,39153532902,29.7,624,41.1591227959,-81.5200810504,17
OH,Columbus,3918000-39049004900,3918000,39049004900,41.8,5651,39.9483347445,-83.0478736144,48
OH,Cincinnati,3915000-39061000200,3915000,39061000200,49.1,1068,39.1097833522,-84.529551484,76
OH,Toledo,3977000-39095001400,3977000,39095001400,54.1,1795,41.666049909,-83.5864482122,56
OH,Cincinnati,3915000-39061009400,3915000,39061009400,44.4,1634,39.1129592979,-84.5709170402,77
OH,Cleveland,3916000-39035121700,3916000,39035121700,44.0,3767,41.4534783932,-81.5642494059,71
OH,Columbus,3918000-39049006000,3918000,39049006000,41.8,2345,39.931719491,-82.9775299073,58
OH,Cleveland,3916000-39035108400,3916000,39035108400,33.0,1237,41.5118526099,-81.6592964838,82
OH,Cleveland,3916000-39035116500,3916000,39035116500,49.8,2593,41.5342310766,-81.6112353558,56
OH,Akron,3901000-39153502102,3901000,39153502102,35.7,4202,41.1097121307,-81.4782094591,32
OH,Cincinnati,3915000-39061003900,3915000,39061003900,49.1,1942,39.1365095504,-84.4728893411,67
OH,Cleveland,3916000-39035118602,3916000,39035118602,53.7,2024,41.5158379294,-81.6204908857,53
OH,Cincinnati,3915000-39061010004,3915000,39061010004,40.5,4356,39.1278644485,-84.5904330024,13
OH,Parma,3961000-39035177101,3961000,39035177101,31.4,4203,41.4084336351,-81.7715079304,45
OH,Cleveland,3916000-39035116800,3916000,39035116800,48.6,2808,41.5372861539,-81.5955354955,69
OH,Columbus,3918000-39049007048,3918000,39049007048,26.8,5672,40.1265323305,-82.9867322141,40
OH,Dayton,3921000-39113070202,3921000,39113070202,55.1,1390,39.7572242111,-84.2704500551,17
OH,Cleveland,3916000-39035101800,3916000,39035101800,44.3,2942,41.476083726,-81.7389983388,63
OH,Columbus,3918000-39049006395,3918000,39049006395,25.2,3542,40.067960142,-83.0851859662,64
OH,Akron,3901000-39153533400,3901000,39153533400,28.0,114,41.0981675548,-81.5929710321,24
OH,Toledo,3977000-39095002900,3977000,39095002900,54.4,1954,41.6597157398,-83.5301005261,64
OH,Cincinnati,3915000-39061005301,3915000,39061005301,25.0,2889,39.149949111,-84.4274633364,81
OH,Toledo,3977000-39095006900,3977000,39095006900,33.2,2570,41.6043740246,-83.6178224735,46
OH,Canton,3912000-39151701000,3912000,39151701000,38.3,3539,40.8052680589,-81.3976669168,48
OH,Columbus,3918000-39049007043,3918000,39049007043,27.8,3885,40.1203405471,-83.005339681,28
OH,Cleveland,3916000-39035105602,3916000,39035105602,41.3,2163,41.4513417283,-81.6944658828,58
OH,Cincinnati,3915000-39061001600,3915000,39061001600,52.9,1487,39.1167504505,-84.5204180387,94
OH,Cleveland,3916000-39035110901,3916000,39035110901,43.6,3102,41.4599378184,-81.6661141179,7
OH,Toledo,3977000-39095005703,3977000,39095005703,38.9,2544,41.7040639753,-83.552412763,53
OH,Columbus,3918000-39049009390,3918000,39049009390,31.4,269,39.9809612983,-82.8054954301,38
OH,Columbus,3918000-39049007551,3918000,39049007551,42.1,8138,40.0275292775,-82.922213632,21
OH,Cleveland,3916000-39035119600,3916000,39035119600,48.7,2721,41.4757212664,-81.6082985543,60
OH,Columbus,3918000-39049006990,3918000,39049006990,31.2,2301,40.1093637928,-82.972728841,39
OH,Dayton,3921000-39113002000,3921000,39113002000,45.8,3031,39.7711917054,-84.146130377,42
OH,Cincinnati,3915000-39061006000,3915000,39061006000,32.6,4640,39.2120987694,-84.4753662301,65
OH,Cleveland,3916000-39035119402,3916000,39035119402,50.2,1776,41.4809200389,-81.5991264561,84
OH,Columbus,3918000-39049002770,3918000,39049002770,46.4,1995,39.9516772814,-82.9101679139,53
OH,Dayton,3921000-39113003000,3921000,39113003000,37.9,2717,39.7348702868,-84.1510187087,61
OH,Columbus,3918000-39049009373,3918000,39049009373,42.7,4697,39.9146186221,-82.8483109881,18
OH,Cleveland,3916000-39035121403,3916000,39035121403,49.6,2833,41.4427626015,-81.591420521,56
OH,Dayton,3921000-39113000700,3921000,39113000700,57.7,2615,39.7657809358,-84.2243257417,41
OH,Dayton,3921000-39113001900,3921000,39113001900,45.1,4456,39.7631873222,-84.1667677723,60
OH,Cincinnati,3915000-39061010002,3915000,39061010002,43.6,5585,39.1492941769,-84.578621973,14
OH,Columbus,3918000-39049000110,3918000,39049000110,26.8,3344,40.0585948288,-83.013639251,61
OH,Cincinnati,3915000-39061002200,3915000,39061002200,40.4,2288,39.1222958674,-84.5047082501,74
OH,Dayton,3921000-39113003404,3921000,39113003404,44.1,2291,39.7429036303,-84.1896795047,44
OH,Cleveland,3916000-39035122300,3916000,39035122300,49.4,1909,41.4314451508,-81.5591139285,18
OH,Cleveland,3916000-39035117700,3916000,39035117700,37.2,4899,41.5896243847,-81.5518890305,66
OH,Cincinnati,3915000-39061010300,3915000,39061010300,36.8,1713,39.0874030185,-84.5767575294,15
OH,Columbus,3918000-39049009311,3918000,39049009311,37.4,2879,39.9494582195,-82.8627358384,50
OH,Cincinnati,3915000-39061007200,3915000,39061007200,24.3,2264,39.1447452876,-84.530102419,58
OH,Dayton,3921000-39113002500,3921000,39113002500,41.9,3952,39.755013043,-84.1298416474,54
OH,Toledo,3977000-39095000200,3977000,39095000200,36.5,4333,41.6971418453,-83.5825723185,58
OH,Cleveland,3916000-39035118900,3916000,39035118900,44.6,1385,41.5067391533,-81.6221365624,74
OH,Toledo,3977000-39095004400,3977000,39095004400,41.2,4138,41.6258536363,-83.5810822089,38
OH,Toledo,3977000-39095007202,3977000,39095007202,34.9,3697,41.6013832932,-83.6479787172,49
OH,Dayton,3921000-39113001800,3921000,39113001800,45.9,5900,39.7855038198,-84.1647707148,40
OH,Columbus,3918000-39049007396,3918000,39049007396,32.8,3957,40.0031828207,-82.7849286289,17
OH,Youngstown,3988000-39099813800,3988000,39099813800,47.6,3067,41.1062750564,-80.5836057341,3
OH,Cleveland,3916000-39035101102,3916000,39035101102,30.4,4221,41.4890122855,-81.759173514,63
OH,Cleveland,3916000-39035120500,3916000,39035120500,50.6,2382,41.4645477049,-81.6112258553,55
OH,Columbus,3918000-39049002740,3918000,39049002740,31.7,2316,39.9691560372,-82.9184184837,49
OH,Akron,3901000-39153501700,3901000,39153501700,29.4,1448,41.0683702974,-81.514005266,72
OH,Toledo,3977000-39095007203,3977000,39095007203,32.1,4063,41.6046716425,-83.6333489782,32
OH,Akron,3901000-39153508600,3901000,39153508600,46.7,2913,41.0806403452,-81.5509027089,52
OH,Cleveland,3916000-39035110501,3916000,39035110501,47.1,851,41.4777497436,-81.6573462667,23
OH,Akron,3901000-39153502800,3901000,39153502800,33.3,4243,41.0685974427,-81.4470678925,40
OH,Dayton,3921000-39113002700,3921000,39113002700,39.0,1993,39.7444586883,-84.1344160733,48
OH,Columbus,3918000-39049006352,3918000,39049006352,23.3,2985,40.0552211317,-83.0504837264,60
OH,Columbus,3918000-39049000720,3918000,39049000720,48.4,2384,40.0080081243,-82.9871890699,49
OH,Cincinnati,3915000-39061007500,3915000,39061007500,32.6,1882,39.1743143231,-84.5388595163,22
OH,Columbus,3918000-39049002600,3918000,39049002600,43.9,4016,39.9893028238,-82.924257826,43
OH,Cleveland,3916000-39035106800,3916000,39035106800,38.6,2942,41.4361031703,-81.7026805813,73
OH,Cincinnati,3915000-39061008601,3915000,39061008601,48.8,2217,39.1358296655,-84.5571458974,12
OH,Toledo,3977000-39095001201,3977000,39095001201,40.3,2246,41.6944400655,-83.4886397442,8
OH,Toledo,3977000-39095001202,3977000,39095001202,52.8,3306,41.6813035309,-83.499573982,12
OH,Toledo,3977000-39095001600,3977000,39095001600,47.5,3265,41.6746199077,-83.5542638004,59
OH,Akron,3901000-39153507202,3901000,39153507202,27.0,3573,41.1098284639,-81.5578898177,32
OH,Columbus,3918000-39049006821,3918000,39049006821,32.1,2683,40.0681373172,-83.0253301257,67
OH,Cincinnati,3915000-39061003700,3915000,39061003700,49.3,1923,39.1287717726,-84.4835534521,78
OH,Dayton,3921000-39113000200,3921000,39113000200,55.1,2433,39.7845502022,-84.2608596008,41
OH,Akron,3901000-39153502700,3901000,39153502700,32.2,6574,41.0807560689,-81.4503350072,6
OH,Columbus,3918000-39049000410,3918000,39049000410,24.5,2419,40.0289957335,-83.0194485025,77
OH,Toledo,3977000-39095008302,3977000,39095008302,29.9,1007,41.6836621446,-83.6512615789,13
OH,Cleveland,3916000-39035117400,3916000,39035117400,48.2,1546,41.5608767792,-81.570232402,50
OH,Columbus,3918000-39049008340,3918000,39049008340,37.4,3770,39.9257450155,-83.028405105,4
OH,Columbus,3918000-39049008370,3918000,39049008370,34.2,6421,39.9104349489,-83.0732305623,18
OH,Cincinnati,3915000-39061008501,3915000,39061008501,46.1,3579,39.173880038,-84.5666600998,1
OH,Cincinnati,3915000-39061010100,3915000,39061010100,37.2,4598,39.1575754766,-84.5903740844,11
OH,Columbus,3918000-39049003800,3918000,39049003800,37.9,1896,39.9628510466,-82.9736397639,80
OH,Parma,3961000-39035177303,3961000,39035177303,29.9,4988,41.4153921003,-81.6996095184,61
OH,Toledo,3977000-39095004200,3977000,39095004200,46.5,1926,41.632542224,-83.5542838503,74
OH,Cleveland,3916000-39035112301,3916000,39035112301,51.5,1427,41.5087520176,-81.6479163286,68
OH,Cincinnati,3915000-39061011100,3915000,39061011100,36.0,2439,39.2099304767,-84.5342262713,26
OH,Akron,3901000-39153504400,3901000,39153504400,43.7,1491,41.0499564598,-81.5233458795,57
OH,Columbus,3918000-39049005610,3918000,39049005610,46.6,1784,39.9473894215,-82.9781077706,78
OH,Columbus,3918000-39049004000,3918000,39049004000,34.2,2941,39.957728269,-82.9934392239,88
OH,Cleveland,3916000-39035101901,3916000,39035101901,37.0,1692,41.476990564,-81.7327700257,68
OH,Columbus,3918000-39049007550,3918000,39049007550,36.3,2747,40.009038749,-82.9264674683,10
OH,Columbus,3918000-39049008132,3918000,39049008132,34.0,6543,39.940267089,-83.1497284917,26
OH,Akron,3901000-39153508800,3901000,39153508800,49.0,5775,41.073096657,-81.5746245368,9
OH,Dayton,3921000-39113001100,3921000,39113001100,52.3,4245,39.7921124982,-84.2098613799,46
OH,Columbus,3918000-39049010602,3918000,39049010602,26.0,1795,40.0097814411,-83.1631357159,23
OH,Akron,3901000-39153503400,3901000,39153503400,46.8,1478,41.0630341566,-81.486175106,38
OH,Toledo,3977000-39095006600,3977000,39095006600,45.6,2625,41.64279476,-83.6183281769,25
OH,Columbus,3918000-39049002510,3918000,39049002510,46.5,2856,39.9911698395,-82.9546728869,22
OH,Akron,3901000-39153503300,3901000,39153503300,39.6,5606,41.0404968252,-81.4971583486,61
OH,Cincinnati,3915000-39061026500,3915000,39061026500,32.0,2159,39.098842431,-84.5131830764,94
OH,Toledo,3977000-39095000800,3977000,39095000800,53.1,1576,41.6823759732,-83.5622321533,38
OH,Toledo,3977000-39095007500,3977000,39095007500,34.7,4053,41.6583029879,-83.6489432739,5
OH,Cincinnati,3915000-39061005302,3915000,39061005302,23.7,3200,39.1488902903,-84.4132635085,21
OH,Columbus,3918000-39049006950,3918000,39049006950,24.9,1713,40.0763113492,-83.0405686141,5
OH,Cleveland,3916000-39035123502,3916000,39035123502,36.8,2443,41.4572614776,-81.7957580658,49
OH,Columbus,3918000-39049001000,3918000,39049001000,25.1,5830,40.0096828234,-83.0031623395,83
OH,Toledo,3977000-39095006200,3977000,39095006200,34.1,2504,41.7004681517,-83.5954075653,44
OH,Cincinnati,3915000-39061010900,3915000,39061010900,32.8,2343,39.1332440348,-84.609400443,74
OH,Akron,3901000-39153503701,3901000,39153503701,30.6,5643,41.0526694984,-81.4461526906,58
OH,Youngstown,3988000-39099802100,3988000,39099802100,47.7,1139,41.080188893,-80.6604724595,37
OH,Dayton,3921000-39113080100,3921000,39113080100,53.6,704,39.7997222709,-84.2423739864,60
OH,Dayton,3921000-39113080700,3921000,39113080700,41.2,549,39.8122837168,-84.1667720118,14
OH,Cincinnati,3915000-39061010201,3915000,39061010201,33.8,5294,39.1433864628,-84.6130871622,61
OH,Columbus,3918000-39049009326,3918000,39049009326,46.1,1747,39.9195768832,-82.8721544669,29
OH,Columbus,3918000-39049000820,3918000,39049000820,40.9,3070,40.0256534905,-82.9641685176,60
OH,Cleveland,3916000-39035123100,3916000,39035123100,27.2,2473,41.465498587,-81.8062169009,65
OH,Columbus,3918000-39049009520,3918000,39049009520,36.5,942,39.8819125045,-82.9640147394,10
OH,Columbus,3918000-39049009800,3918000,39049009800,34.5,122,39.8873509407,-83.1444956705,0
OH,Toledo,3977000-39095002100,3977000,39095002100,42.4,2903,41.6654258204,-83.5610744061,50
OH,Columbus,3918000-39049008710,3918000,39049008710,45.2,2691,39.9376574757,-82.9563065931,31
OH,Columbus,3918000-39049006500,3918000,39049006500,23.0,138,40.0008939814,-83.0799282177,27
OH,Toledo,3977000-39095007902,3977000,39095007902,34.7,5540,41.7132194521,-83.6346890599,39
OH,Cleveland,3916000-39035114100,3916000,39035114100,51.1,1121,41.4899326217,-81.6327610549,38
OH,Akron,3901000-39153506600,3901000,39153506600,41.5,2586,41.0895499683,-81.5358305308,70
OH,Toledo,3977000-39095005702,3977000,39095005702,37.0,4818,41.716196701,-83.5519859241,16
OH,Cincinnati,3915000-39061005100,3915000,39061005100,22.6,2322,39.1406096049,-84.4238621425,72
OH,Columbus,3918000-39049006394,3918000,39049006394,28.1,2750,40.1322647447,-83.0662326403,33
OH,Columbus,3918000-39049008813,3918000,39049008813,47.3,2326,39.8980432764,-82.9557761113,13
OH,Columbus,3918000-39049009420,3918000,39049009420,38.7,721,39.9114324952,-82.8735327755,48
OH,Columbus,3918000-39049002780,3918000,39049002780,30.5,2423,39.9438103076,-82.9285549495,37
OH,Cincinnati,3915000-39061021401,3915000,39061021401,30.1,207,39.1002252511,-84.5954670384,40
OH,Toledo,3977000-39095004504,3977000,39095004504,30.7,3413,41.5948767227,-83.6033191226,20
OH,Cleveland,3916000-39035115200,3916000,39035115200,46.3,950,41.4592341342,-81.6439304428,75
OH,Columbus,3918000-39049005000,3918000,39049005000,42.5,5205,39.953979302,-83.029704092,68
OH,Toledo,3977000-39095010300,3977000,39095010300,45.4,2256,41.6367467141,-83.5421495183,39
OH,Cleveland,3916000-39035111600,3916000,39035111600,50.3,1130,41.5227805197,-81.6413752093,71
OH,Columbus,3918000-39049002800,3918000,39049002800,47.2,2629,39.9730450856,-82.9648485566,58
OH,Columbus,3918000-39049005900,3918000,39049005900,43.8,2546,39.9391312561,-82.9688228882,41
OH,Cleveland,3916000-39035117102,3916000,39035117102,51.5,1213,41.5628435121,-81.5839547856,33
OH,Cincinnati,3915000-39061006600,3915000,39061006600,44.0,2255,39.1475933235,-84.4835368635,36
OH,Cleveland,3916000-39035112800,3916000,39035112800,43.3,1015,41.5065159462,-81.6365638227,76
OH,Dayton,3921000-39113000300,3921000,39113000300,54.9,1594,39.782600616,-84.2486868239,50
OH,Cleveland,3916000-39035113600,3916000,39035113600,46.1,1107,41.4934125781,-81.618752063,47
OH,Cincinnati,3915000-39061004604,3915000,39061004604,27.7,2982,39.1002885765,-84.3818418234,7
OH,Cleveland,3916000-39035111500,3916000,39035111500,45.3,1179,41.5216076345,-81.646197756,77
OH,Columbus,3918000-39049001122,3918000,39049001122,22.8,3090,40.0067351083,-83.0318113792,37
OH,Columbus,3918000-39049002000,3918000,39049002000,25.9,3252,39.9820617549,-83.0140758298,85
OH,Dayton,3921000-39113001200,3921000,39113001200,50.2,1325,39.7747181734,-84.1989266037,67
OH,Cleveland,3916000-39035113500,3916000,39035113500,48.4,1221,41.4948920485,-81.6253740726,54
OH,Toledo,3977000-39095003600,3977000,39095003600,56.7,1666,41.6436940145,-83.5648658452,45
OH,Canton,3912000-39151713100,3912000,39151713100,43.0,333,40.7852352238,-81.3135130575,5
OH,Cleveland,3916000-39035119900,3916000,39035119900,48.6,2267,41.4678766905,-81.580320574,42
OH,Cleveland,3916000-39035104600,3916000,39035104600,42.8,1190,41.4661741467,-81.7004958747,78
OH,Toledo,3977000-39095007800,3977000,39095007800,33.5,3807,41.6986601379,-83.6341526231,57
OH,Columbus,3918000-39049010300,3918000,39049010300,38.5,2342,39.8262742908,-82.9413931324,14
OH,Youngstown,3988000-39099801500,3988000,39099801500,39.6,1898,41.0571385692,-80.6549436246,46
OH,Cleveland,3916000-39035101700,3916000,39035101700,40.2,2752,41.475624581,-81.7467001814,69
OH,Cleveland,3916000-39035124202,3916000,39035124202,36.2,1679,41.4359231304,-81.8001002221,42
OH,Columbus,3918000-39049000420,3918000,39049000420,26.0,3139,40.028823963,-83.0062105123,72
OH,Toledo,3977000-39095005000,3977000,39095005000,40.1,1870,41.6401036192,-83.5012784443,54
OH,Columbus,3918000-39049001300,3918000,39049001300,27.3,6583,39.9983165153,-83.001174861,81
OH,Columbus,3918000-39049007933,3918000,39049007933,28.2,5645,40.0103538494,-83.1375259637,8
OH,Cincinnati,3915000-39061004603,3915000,39061004603,25.9,2552,39.0806415402,-84.3808461037,32
OH,Dayton,3921000-39113091000,3921000,39113091000,38.1,236,39.7400944016,-84.1198926038,41
OH,Columbus,3918000-39049002750,3918000,39049002750,45.5,2349,39.9629671698,-82.9081506978,42
OH,Columbus,3918000-39049006321,3918000,39049006321,22.9,197,40.05064022,-83.0543350127,74
OH,Cleveland,3916000-39035119202,3916000,39035119202,40.1,1019,41.494763096,-81.6074466785,28
OH,Columbus,3918000-39049001600,3918000,39049001600,42.4,1682,39.9913243777,-82.9979222018,79
OH,Columbus,3918000-39049007952,3918000,39049007952,25.9,4454,40.0224751504,-83.108642759,30
OH,Parma,3961000-39035177503,3961000,39035177503,28.2,3617,41.376974235,-81.6949071004,3
OH,Cleveland,3916000-39035111700,3916000,39035111700,50.9,1404,41.5256171643,-81.6366618087,68
OH,Cleveland,3916000-39035115300,3916000,39035115300,48.4,937,41.4590513815,-81.6340540677,60
OH,Columbus,3918000-39049009332,3918000,39049009332,40.6,3100,39.9373145117,-82.9203713238,14
OH,Cleveland,3916000-39035123900,3916000,39035123900,34.2,3036,41.4525232685,-81.7845669354,73
OH,Akron,3901000-39153508900,3901000,39153508900,28.6,5255,41.0772922855,-81.5058327238,69
OH,Cincinnati,3915000-39061005500,3915000,39061005500,39.3,3681,39.1606345337,-84.401798401,65
OH,Cleveland,3916000-39035124100,3916000,39035124100,38.0,4934,41.4543243813,-81.7740200084,68
OH,Columbus,3918000-39049006386,3918000,39049006386,26.3,2996,40.1042571903,-83.0805446577,44
OH,Parma,3961000-39035177609,3961000,39035177609,26.8,2108,41.3603230978,-81.7271222269,13
OH,Cleveland,3916000-39035117500,3916000,39035117500,45.0,2761,41.5531188274,-81.5687251613,55
OH,Cincinnati,3915000-39061008202,3915000,39061008202,38.1,3187,39.1991837292,-84.5505898766,57
OH,Cleveland,3916000-39035104800,3916000,39035104800,40.1,2124,41.4651851644,-81.6844494179,40
OH,Cleveland,3916000-39035106300,3916000,39035106300,36.6,2764,41.4423889631,-81.7116574249,67
OH,Canton,3912000-39151701200,3912000,39151701200,36.5,3701,40.7913290655,-81.4172759992,59
OH,Cincinnati,3915000-39061002600,3915000,39061002600,28.3,3453,39.1245340309,-84.5224034148,90
OH,Columbus,3918000-39049000710,3918000,39049000710,44.2,3102,40.0192539778,-82.9890209829,40
OH,Cleveland,3916000-39035123800,3916000,39035123800,44.8,2490,41.426731416,-81.8223579225,25
OH,Cleveland,3916000-39035120802,3916000,39035120802,47.4,2200,41.458667927,-81.5816209936,43
OH,Dayton,3921000-39113000900,3921000,39113000900,53.9,3133,39.7735562226,-84.2084025137,54
OH,Cleveland,3916000-39035116100,3916000,39035116100,50.0,954,41.5406868711,-81.6182051495,62
OH,Canton,3912000-39151711800,3912000,39151711800,29.0,571,40.8507950331,-81.4051556389,5
OH,Cleveland,3916000-39035102900,3916000,39035102900,41.6,1961,41.4668906011,-81.7088254528,79
OH,Columbus,3918000-39049006921,3918000,39049006921,35.1,3431,40.0771117065,-82.9949185806,50
OH,Cleveland,3916000-39035118500,3916000,39035118500,46.5,994,41.5202120369,-81.601536461,58
OH,Youngstown,3988000-39099802701,3988000,39099802701,32.3,3153,41.075761052,-80.705649841,7
OH,Dayton,3921000-39113080400,3921000,39113080400,51.1,101,39.8004959868,-84.2140617356,59
OH,Cleveland,3916000-39035116900,3916000,39035116900,50.7,1593,41.548246804,-81.5809148965,54
OH,Toledo,3977000-39095001303,3977000,39095001303,37.8,3157,41.6724182,-83.5945775003,49
OH,Akron,3901000-39153506400,3901000,39153506400,36.8,2910,41.095228314,-81.5489870893,82
OH,Akron,3901000-39153531101,3901000,39153531101,31.5,63,41.0246964592,-81.4539195984,23
OH,Cincinnati,3915000-39061026400,3915000,39061026400,47.8,2519,39.1091847516,-84.5238694897,89
OH,Toledo,3977000-39095007400,3977000,39095007400,41.8,5477,41.6455910577,-83.6453291644,9
OH,Dayton,3921000-39113003403,3921000,39113003403,30.5,3481,39.7370458855,-84.1706402285,50
OH,Columbus,3918000-39049005420,3918000,39049005420,50.5,2151,39.9511044121,-82.9555735379,69
OH,Toledo,3977000-39095008600,3977000,39095008600,37.6,5391,41.6446044387,-83.6806558893,27
OH,Akron,3901000-39153508301,3901000,39153508301,44.9,2153,41.0825850925,-81.5223112769,74
OH,Columbus,3918000-39049002300,3918000,39049002300,50.1,1453,39.9825000444,-82.9736207445,37
OH,Canton,3912000-39151712300,3912000,39151712300,30.0,64,40.8473529417,-81.3293367626,4
OH,Cleveland,3916000-39035103100,3916000,39035103100,37.7,1054,41.4881156816,-81.7246230574,73
OH,Cleveland,3916000-39035117202,3916000,39035117202,45.9,1837,41.5704774337,-81.5660262698,35
OH,Cleveland,3916000-39035112500,3916000,39035112500,46.4,1274,41.5121711104,-81.6308632165,54
OH,Cleveland,3916000-39035112400,3916000,39035112400,45.1,1189,41.5119062428,-81.640022951,56
OH,Cincinnati,3915000-39061005701,3915000,39061005701,31.4,2946,39.1848721057,-84.4284956407,76
OH,Akron,3901000-39153503800,3901000,39153503800,40.3,3389,41.0309029794,-81.4723797308,4
OH,Toledo,3977000-39095002800,3977000,39095002800,45.9,1611,41.6541751652,-83.5366616093,90
OH,Cleveland,3916000-39035104200,3916000,39035104200,34.7,1143,41.4849961455,-81.6872325802,68
OH,Columbus,3918000-39049002520,3918000,39049002520,43.3,2648,39.9738412353,-82.9525509793,49
OH,Columbus,3918000-39049001121,3918000,39049001121,26.6,7300,40.0004647236,-83.0123189372,74
OH,Cleveland,3916000-39035106200,3916000,39035106200,33.1,3663,41.4361448002,-81.7241978856,69
OH,Toledo,3977000-39095006500,3977000,39095006500,33.1,2279,41.6817547479,-83.6151771541,67
OH,Parma,3961000-39035177406,3961000,39035177406,30.6,4056,41.4012088028,-81.7199061137,49
OH,Cincinnati,3915000-39061007300,3915000,39061007300,39.4,1964,39.1744797302,-84.5231524811,11
OH,Columbus,3918000-39049005410,3918000,39049005410,50.9,1362,39.9551382058,-82.9537849833,55
OH,Cincinnati,3915000-39061003000,3915000,39061003000,24.5,3565,39.1356296187,-84.5150432549,79
OH,Cincinnati,3915000-39061004701,3915000,39061004701,22.6,2893,39.1189554437,-84.4283927955,46
OH,Cleveland,3916000-39035123200,3916000,39035123200,29.6,2987,41.4649201366,-81.7934525756,60
OH,Toledo,3977000-39095007204,3977000,39095007204,32.2,3572,41.6046271505,-83.6778832385,7
OH,Columbus,3918000-39049009371,3918000,39049009371,39.2,5518,39.9431735312,-82.8389036272,54
OH,Columbus,3918000-39049001200,3918000,39049001200,27.8,4822,40.0038088867,-83.0017602923,85
OH,Dayton,3921000-39113000500,3921000,39113000500,51.3,3509,39.7867516724,-84.230894756,43
OH,Columbus,3918000-39049002200,3918000,39049002200,26.7,1851,39.982670055,-82.999644562,94
OH,Columbus,3918000-39049000330,3918000,39049000330,41.0,2314,40.0278720299,-82.9858867223,52
OH,Cleveland,3916000-39035102300,3916000,39035102300,38.5,2283,41.4620811491,-81.7512283559,64
OH,Dayton,3921000-39113003800,3921000,39113003800,58.0,3231,39.7646841182,-84.2447912188,39
OH,Youngstown,3988000-39099813900,3988000,39099813900,49.9,2150,41.0934598126,-80.6646301919,27
OH,Columbus,3918000-39049007532,3918000,39049007532,45.8,2075,40.0547473383,-82.9342155806,28
OH,Toledo,3977000-39095006400,3977000,39095006400,32.4,2417,41.6885423163,-83.6135185609,64
OH,Toledo,3977000-39095003400,3977000,39095003400,55.4,775,41.6517904205,-83.5494589604,58
OH,Cincinnati,3915000-39061026700,3915000,39061026700,47.7,1676,39.1244042614,-84.4956216324,83
OH,Columbus,3918000-39049006220,3918000,39049006220,24.6,3830,40.0730995201,-83.1231739815,69
OH,Akron,3901000-39153506700,3901000,39153506700,50.4,1608,41.0726608273,-81.5499825647,40
OH,Cleveland,3916000-39035123700,3916000,39035123700,30.8,2452,41.426709127,-81.8397143996,18
OH,Columbus,3918000-39049006924,3918000,39049006924,35.2,3677,40.0657478798,-82.9855989322,65
OH,Parma,3961000-39035177201,3961000,39035177201,29.9,3908,41.4075690992,-81.7241254796,49
OH,Cincinnati,3915000-39061005200,3915000,39061005200,23.1,3371,39.1509091671,-84.4371692313,82
OH,Youngstown,3988000-39099802600,3988000,39099802600,36.5,1806,41.0932188237,-80.6834519385,9
OH,Columbus,3918000-39049008312,3918000,39049008312,42.7,4199,39.9354581976,-83.0956067833,48
OH,Toledo,3977000-39095001500,3977000,39095001500,53.1,1661,41.6723819283,-83.5724409595,20
OH,Cleveland,3916000-39035107802,3916000,39035107802,34.8,3334,41.506247897,-81.6795306808,84
OH,Columbus,3918000-39049006945,3918000,39049006945,41.5,5297,40.0918117415,-82.9583541897,51
OH,Dayton,3921000-39113003300,3921000,39113003300,39.4,4793,39.7431014287,-84.1602202181,54
OH,Cincinnati,3915000-39061003300,3915000,39061003300,34.7,1705,39.1298681557,-84.5064314144,90
OH,Cleveland,3916000-39035117800,3916000,39035117800,46.5,2069,41.568136247,-81.5513572059,27
OH,Cleveland,3916000-39035103900,3916000,39035103900,44.1,2042,41.4772253728,-81.7040258881,62
OH,Toledo,3977000-39095000300,3977000,39095000300,36.0,4848,41.7005659183,-83.5721199497,60
OH,Columbus,3918000-39049009322,3918000,39049009322,40.8,3205,39.9440841194,-82.8747627097,56
OH,Toledo,3977000-39095006000,3977000,39095006000,34.1,2420,41.69918167,-83.6182544062,47
OH,Cincinnati,3915000-39061005600,3915000,39061005600,35.8,4342,39.153773013,-84.3880298284,61
OH,Cleveland,3916000-39035103500,3916000,39035103500,37.4,1981,41.4793678648,-81.7203244255,77
OH,Cleveland,3916000-39035106900,3916000,39035106900,32.6,3501,41.4286523284,-81.6924723974,53
OH,Columbus,3918000-39049009362,3918000,39049009362,33.1,3821,39.9659172352,-82.830742589,6
OH,Canton,3912000-39151700300,3912000,39151700300,44.5,2587,40.8169700234,-81.3449294792,39
OH,Akron,3901000-39153504200,3901000,39153504200,41.6,1977,41.060659873,-81.5139658847,61
OH,Cleveland,3916000-39035110801,3916000,39035110801,44.0,1323,41.468536858,-81.6563896531,51
OH,Columbus,3918000-39049007120,3918000,39049007120,33.5,513,40.0856602826,-82.9250211344,47
OH,Akron,3901000-39153520301,3901000,39153520301,31.8,477,41.1479575,-81.5191000681,22
OH,Cincinnati,3915000-39061026900,3915000,39061026900,49.9,2233,39.1181535891,-84.5290915315,72
OH,Toledo,3977000-39095007700,3977000,39095007700,33.2,3362,41.6813620691,-83.6328453478,37
OH,Canton,3912000-39151702300,3912000,39151702300,47.8,3131,40.7815679668,-81.3748492448,16
OH,Toledo,3977000-39095007205,3977000,39095007205,38.3,5097,41.6006261851,-83.66365957,61
OH,Toledo,3977000-39095002300,3977000,39095002300,55.4,1500,41.6622661036,-83.54582428,77
OH,Columbus,3918000-39049007533,3918000,39049007533,46.1,1569,40.0432378571,-82.9401872564,15
OH,Toledo,3977000-39095008000,3977000,39095008000,33.0,1542,41.7188946683,-83.6477964649,48
OH,Toledo,3977000-39095003000,3977000,39095003000,48.0,2202,41.663930293,-83.520270977,43
OH,Cleveland,3916000-39035106100,3916000,39035106100,32.4,3503,41.444967914,-81.7261130543,53
OH,Columbus,3918000-39049006384,3918000,39049006384,25.3,6194,40.1217520684,-83.0738553358,42
OH,Cincinnati,3915000-39061005702,3915000,39061005702,32.0,3995,39.1755766953,-84.4299748344,59
OH,Columbus,3918000-39049006933,3918000,39049006933,44.6,5257,40.0634416581,-82.9653430468,73
OH,Columbus,3918000-39049009336,3918000,39049009336,35.5,2738,39.9258686089,-82.9242637444,19
OH,Akron,3901000-39153508399,3901000,39153508399,40.8,4626,41.0545237982,-81.573651567,19
OH,Toledo,3977000-39095007901,3977000,39095007901,34.3,2121,41.7240084501,-83.6337382146,44
OH,Toledo,3977000-39095008301,3977000,39095008301,31.6,1837,41.6967789944,-83.6510781513,56
OH,Cleveland,3916000-39035111902,3916000,39035111902,50.2,841,41.5244406536,-81.6282286824,48
OH,Toledo,3977000-39095000700,3977000,39095000700,41.3,5145,41.6840916797,-83.592022582,49
OH,Columbus,3918000-39049009321,3918000,39049009321,39.7,2164,39.9491036321,-82.8908487414,49
OH,Akron,3901000-39153507201,3901000,39153507201,31.5,2517,41.1232089307,-81.5592462936,6
OH,Parma,3961000-39035177405,3961000,39035177405,28.6,4563,41.3930421606,-81.7287947642,29
OH,Toledo,3977000-39095005502,3977000,39095005502,36.3,3043,41.7102365318,-83.4792963967,65
OH,Cleveland,3916000-39035114501,3916000,39035114501,50.6,1369,41.4753071859,-81.6258514266,31
OH,Columbus,3918000-39049007113,3918000,39049007113,35.1,4905,40.0679347326,-82.9288268402,37
OH,Dayton,3921000-39113003500,3921000,39113003500,56.4,2381,39.7396822929,-84.2079770782,21
OH,Youngstown,3988000-39099802800,3988000,39099802800,36.6,2716,41.0958448229,-80.6992352697,32
OH,Toledo,3977000-39095005100,3977000,39095005100,46.1,4740,41.634505795,-83.5248105421,47
OH,Youngstown,3988000-39099801400,3988000,39099801400,33.5,2101,41.0553028495,-80.6223135095,57
OH,Dayton,3921000-39113110202,3921000,39113110202,34.8,538,39.8362067588,-84.2038925758,4
OH,Cincinnati,3915000-39061020901,3915000,39061020901,32.7,67,39.1474298261,-84.6219502634,68
OH,Columbus,3918000-39049007812,3918000,39049007812,25.1,4094,40.0472259939,-83.0359363214,19
OH,Columbus,3918000-39049002760,3918000,39049002760,36.3,3066,39.9543632674,-82.9197877212,51
OH,Akron,3901000-39153505700,3901000,39153505700,39.6,2837,41.0403127298,-81.5613569073,55
OH,Dayton,3921000-39113002300,3921000,39113002300,47.6,3144,39.7602178712,-84.1514264042,44
OH,Columbus,3918000-39049009410,3918000,39049009410,44.4,339,39.9108293925,-82.8511265351,16
OH,Columbus,3918000-39049002900,3918000,39049002900,52.3,2368,39.9757645469,-82.975169927,42
OH,Columbus,3918000-39049007534,3918000,39049007534,49.5,2752,40.032190047,-82.9438523979,10
OH,Columbus,3918000-39049007951,3918000,39049007951,25.0,4946,40.058715983,-83.1165013397,3
OH,Toledo,3977000-39095006300,3977000,39095006300,35.1,3002,41.6873871164,-83.6021119249,52
OH,Columbus,3918000-39049007954,3918000,39049007954,32.1,7659,39.9926025621,-83.1399697744,25
OH,Dayton,3921000-39113000600,3921000,39113000600,47.2,1840,39.773446045,-84.224891832,31
OH,Cincinnati,3915000-39061004702,3915000,39061004702,33.7,875,39.1054177602,-84.4174454373,3
OH,Akron,3901000-39153505200,3901000,39153505200,44.4,1550,41.0613262824,-81.549058191,33
OH,Youngstown,3988000-39099802500,3988000,39099802500,48.9,1504,41.0802448753,-80.6793528596,17
OH,Columbus,3918000-39049006387,3918000,39049006387,25.6,4500,40.1003926687,-83.0696187293,7
OH,Columbus,3918000-39049007210,3918000,39049007210,23.6,2786,40.0817930924,-82.8336089354,15
OH,Cleveland,3916000-39035118101,3916000,39035118101,51.0,2086,41.5254084989,-81.6204840585,40
OH,Cleveland,3916000-39035108701,3916000,39035108701,51.1,4393,41.4989722883,-81.6600983518,70
OH,Columbus,3918000-39049007811,3918000,39049007811,27.5,3461,40.0350363377,-83.0431905965,8
OH,Cincinnati,3915000-39061001700,3915000,39061001700,49.3,1488,39.1151643879,-84.5143039024,93
OH,Canton,3912000-39151701300,3912000,39151701300,40.8,4096,40.7920202485,-81.4043429401,63
OH,Columbus,3918000-39049007740,3918000,39049007740,32.3,1510,40.0507049587,-82.9875778769,22
OH,Akron,3901000-39153531002,3901000,39153531002,32.9,87,41.037478486,-81.4428913167,30
OH,Youngstown,3988000-39099800400,3988000,39099800400,47.2,951,41.1240307427,-80.6023099353,7
OH,Cincinnati,3915000-39061011000,3915000,39061011000,47.3,2179,39.2036678918,-84.4569551806,58
OH,Akron,3901000-39153503702,3901000,39153503702,32.4,5481,41.0524926515,-81.4310161482,46
OH,Columbus,3918000-39049009312,3918000,39049009312,43.8,2996,39.9397629657,-82.8580345508,16
OH,Cleveland,3916000-39035120600,3916000,39035120600,45.8,2892,41.4622832256,-81.6038225392,60
OH,Cleveland,3916000-39035107701,3916000,39035107701,32.3,1944,41.4974300911,-81.6884645699,92
OH,Cleveland,3916000-39035111800,3916000,39035111800,50.8,878,41.5215887329,-81.6326138197,64
OH,Cleveland,3916000-39035104300,3916000,39035104300,29.7,1603,41.4800412264,-81.6857071935,84
OH,Cleveland,3916000-39035102200,3916000,39035102200,36.3,2750,41.4576893382,-81.7557749735,52
OH,Canton,3912000-39151700100,3912000,39151700100,46.4,1269,40.802017264,-81.373473369,89
OH,Cleveland,3916000-39035119701,3916000,39035119701,45.6,2026,41.4750885919,-81.5883219,64
OH,Cincinnati,3915000-39061008300,3915000,39061008300,35.8,4156,39.1980098311,-84.5728610175,29
OH,Columbus,3918000-39049008720,3918000,39049008720,41.8,3459,39.9258636835,-82.9679362956,56
OH,Columbus,3918000-39049004820,3918000,39049004820,40.5,2589,39.9419896292,-83.0619676373,58
OH,Columbus,3918000-39049010700,3918000,39049010700,30.4,1299,40.0660413742,-83.0097280968,34
OH,Columbus,3918000-39049004500,3918000,39049004500,38.5,5154,39.958826427,-83.0660096479,63
OH,Columbus,3918000-39041012400,3918000,39041012400,26.3,3749,40.1451690301,-82.9812220918,50
OH,Cleveland,3916000-39035116700,3916000,39035116700,48.6,1708,41.5481597925,-81.5962358435,47
OH,Columbus,3918000-39049005620,3918000,39049005620,41.7,2542,39.9399965674,-82.978413062,69
OH,Cincinnati,3915000-39061001900,3915000,39061001900,29.1,1445,39.116534962,-84.4924915,49
OH,Canton,3912000-39151712201,3912000,39151712201,31.2,2118,40.8504687682,-81.3776127987,14
OH,Toledo,3977000-39095004701,3977000,39095004701,42.9,3046,41.6535262045,-83.5102340741,26
OH,Toledo,3977000-39095004000,3977000,39095004000,44.7,2184,41.6348501191,-83.5701856585,31
OH,Akron,3901000-39153505300,3901000,39153505300,46.7,1791,41.0586066404,-81.5361048263,30
OH,Cleveland,3916000-39035120801,3916000,39035120801,46.9,2292,41.4588806377,-81.5756414038,38
OH,Cleveland,3916000-39035117900,3916000,39035117900,47.9,2541,41.5530921617,-81.5584934842,53
OH,Columbus,3918000-39049007044,3918000,39049007044,24.3,5502,40.131877289,-83.0038459214,25
OH,Cincinnati,3915000-39061000700,3915000,39061000700,29.1,3498,39.1043155867,-84.511484472,99
OH,Akron,3901000-39153503100,3901000,39153503100,40.7,1911,41.0688519887,-81.4967051694,59
OH,Cincinnati,3915000-39061004000,3915000,39061004000,38.3,2118,39.1412962901,-84.4612767102,48
OH,Youngstown,3988000-39099801100,3988000,39099801100,45.9,2338,41.0668523808,-80.6400249492,57
OH,Toledo,3977000-39095005501,3977000,39095005501,38.3,3018,41.7243682174,-83.4698743229,37
OH,Cleveland,3916000-39035116300,3916000,39035116300,51.6,1695,41.5449132238,-81.6048651687,56
OH,Columbus,3918000-39049006942,3918000,39049006942,34.9,1167,40.1036971038,-82.9732564586,55
OH,Cleveland,3916000-39035117600,3916000,39035117600,42.4,3044,41.5809505955,-81.558213441,53
OH,Dayton,3921000-39113002800,3921000,39113002800,37.5,2095,39.7330716614,-84.1190477886,32
OH,Cleveland,3916000-39035119300,3916000,39035119300,53.5,3572,41.4864108442,-81.6093931849,61
OH,Cincinnati,3915000-39061004200,3915000,39061004200,29.3,1821,39.126929863,-84.4715525678,63
OH,Cleveland,3916000-39035124600,3916000,39035124600,39.5,3970,41.42725534,-81.7782415411,53
OH,Cincinnati,3915000-39061020811,3915000,39061020811,34.7,1044,39.186626786,-84.5758703565,12
OH,Cleveland,3916000-39035111202,3916000,39035111202,45.5,1444,41.5358210172,-81.6405378134,22
OH,Dayton,3921000-39113090304,3921000,39113090304,36.7,3194,39.8187622327,-84.1141021678,9
OH,Canton,3912000-39151700700,3912000,39151700700,29.7,6956,40.8295121443,-81.3797820389,46
OH,Cleveland,3916000-39035112100,3916000,39035112100,52.0,1762,41.5166370278,-81.6435700358,64
OH,Toledo,3977000-39095004503,3977000,39095004503,34.9,2587,41.59353325,-83.6185435494,38
OH,Columbus,3918000-39049009210,3918000,39049009210,39.5,2771,39.9826793641,-82.8542996383,34
OH,Columbus,3918000-39049008330,3918000,39049008330,38.1,107,39.9384801903,-83.0470046927,31
OH,Cincinnati,3915000-39061027100,3915000,39061027100,44.7,4216,39.1912037112,-84.4662609234,50
OH,Dayton,3921000-39113003900,3921000,39113003900,54.7,2373,39.7545401324,-84.2434640258,39
OH,Toledo,3977000-39095006700,3977000,39095006700,43.2,1673,41.6461567182,-83.6046055963,36
OH,Cleveland,3916000-39035124500,3916000,39035124500,34.2,3456,41.4270402659,-81.8034398878,28
OH,Akron,3901000-39153508000,3901000,39153508000,26.7,4417,41.1486480658,-81.5601940826,4
OH,Canton,3912000-39151712400,3912000,39151712400,36.6,1719,40.8327256119,-81.316532822,20
OH,Columbus,3918000-39049008811,3918000,39049008811,39.4,1873,39.9079966187,-82.9760171482,14
OH,Cincinnati,3915000-39061002700,3915000,39061002700,32.7,1513,39.1261803714,-84.5292243099,56
OH,Toledo,3977000-39095003200,3977000,39095003200,58.5,1412,41.6497909095,-83.5792454829,61
OH,Toledo,3977000-39095004600,3977000,39095004600,42.8,2478,41.6715884402,-83.4838952309,4
OH,Toledo,3977000-39095005300,3977000,39095005300,44.6,2082,41.6252405233,-83.5107679326,35
OH,Cincinnati,3915000-39061001000,3915000,39061001000,35.9,1437,39.1101068257,-84.5128217989,99
OH,Columbus,3918000-39049007722,3918000,39049007722,39.5,1536,40.0462874575,-82.969332175,45
OH,Cincinnati,3915000-39061007900,3915000,39061007900,37.2,1372,39.1709925183,-84.548880767,41
OH,Cincinnati,3915000-39061007800,3915000,39061007800,34.5,2615,39.1612217191,-84.5450210957,87
OH,Youngstown,3988000-39099804200,3988000,39099804200,37.2,2200,41.1297796424,-80.6538489253,33
OH,Columbus,3918000-39049007710,3918000,39049007710,43.0,3669,40.0368372311,-82.9694544781,66
OH,Cleveland,3916000-39035103400,3916000,39035103400,39.9,2770,41.4801998888,-81.7260204227,75
OH,Toledo,3977000-39095006100,3977000,39095006100,32.6,3180,41.6992699083,-83.6085747416,41
OH,Cleveland,3916000-39035120200,3916000,39035120200,53.3,2296,41.4756356534,-81.6168538097,48
OH,Cleveland,3916000-39035115700,3916000,39035115700,46.1,1416,41.4442750678,-81.6445819828,59
OH,Dayton,3921000-39113070201,3921000,39113070201,51.6,396,39.7605587396,-84.2840777168,4
OH,Canton,3912000-39151700800,3912000,39151700800,39.7,3797,40.8151563651,-81.3881797858,59
OH,Cleveland,3916000-39035102700,3916000,39035102700,44.0,4553,41.467656062,-81.7274020402,59
OH,Columbus,3918000-39049006392,3918000,39049006392,25.4,3445,40.104695724,-83.0454390047,10
OH,Columbus,3918000-39049000600,3918000,39049000600,28.6,3780,40.0157610215,-83.0055040506,89
OH,Cincinnati,3915000-39061009200,3915000,39061009200,41.6,4003,39.120694832,-84.5619747203,16
OH,Columbus,3918000-39049008822,3918000,39049008822,38.5,3948,39.8869539822,-82.9994989277,68
OH,Columbus,3918000-39049008322,3918000,39049008322,38.5,4374,39.9343195266,-83.0638956306,43
OH,Cleveland,3916000-39035115900,3916000,39035115900,42.0,3671,41.438194699,-81.6243307629,42
OH,Dayton,3921000-39113004600,3921000,39113004600,52.8,1500,39.7428285717,-84.2551343813,25
OH,Columbus,3918000-39049004300,3918000,39049004300,28.2,5610,39.9723229392,-83.0516735199,35
OH,Canton,3912000-39151711700,3912000,39151711700,32.5,3913,40.8407308247,-81.3844350824,56
OH,Toledo,3977000-39095003700,3977000,39095003700,47.6,1409,41.6459429927,-83.547831979,49
OH,Akron,3901000-39153507400,3901000,39153507400,41.9,1062,41.096062098,-81.5246592858,28
OH,Columbus,3918000-39049006944,3918000,39049006944,32.3,4106,40.1012135395,-82.962808655,22
OH,Cleveland,3916000-39035109301,3916000,39035109301,53.7,1873,41.4947665388,-81.670052407,65
OH,Columbus,3918000-39049007520,3918000,39049007520,50.9,2258,40.0180872695,-82.9446985595,14
OH,Cincinnati,3915000-39061006900,3915000,39061006900,45.8,2822,39.1480828878,-84.5051869827,31
OH,Columbus,3918000-39049003700,3918000,39049003700,42.7,3303,39.962625482,-82.9543653999,54
OH,Cleveland,3916000-39035117201,3916000,39035117201,50.7,3352,41.5804072177,-81.5695431014,65
OH,Columbus,3918000-39049009337,3918000,39049009337,44.8,3857,39.9241694444,-82.9069536455,29
OH,Youngstown,3988000-39099802900,3988000,39099802900,41.1,2486,41.1050853125,-80.6963612375,58
OH,Dayton,3921000-39113090303,3921000,39113090303,34.2,2862,39.8310492323,-84.1016429359,3
OH,Youngstown,3988000-39099801700,3988000,39099801700,48.8,1257,41.082990431,-80.6515197285,34
OH,Cleveland,3916000-39035109801,3916000,39035109801,55.4,1884,41.4874245779,-81.6552833486,60
OH,Cleveland,3916000-39035196500,3916000,39035196500,50.3,1671,41.496784004,-81.6348093382,72
OH,Dayton,3921000-39113080500,3921000,39113080500,44.1,1983,39.8232133166,-84.2107610617,12
OH,Dayton,3921000-39113070300,3921000,39113070300,55.3,551,39.7722039672,-84.2767829528,0
OH,Columbus,3918000-39049001810,3918000,39049001810,25.2,4434,39.992208564,-83.0116135757,87
OH,Cleveland,3916000-39035103800,3916000,39035103800,40.5,1993,41.4743213878,-81.7114876633,64
OH,Cleveland,3916000-39035119401,3916000,39035119401,39.4,2133,41.4890904655,-81.5983318621,84
OH,Toledo,3977000-39095002000,3977000,39095002000,44.8,1973,41.6689553984,-83.5076801128,36
OH,Columbus,3918000-39049003000,3918000,39049003000,31.1,3105,39.9709134709,-82.9942879137,64
OH,Cleveland,3916000-39035109701,3916000,39035109701,49.2,2212,41.4891688044,-81.6632021318,62
OH,Akron,3901000-39153502300,3901000,39153502300,37.0,5273,41.082991521,-81.4760965067,26
OH,Dayton,3921000-39113001501,3921000,39113001501,44.8,3866,39.7598871415,-84.1894470468,92
OH,Toledo,3977000-39095010400,3977000,39095010400,25.7,3981,41.6580314485,-83.6150458888,54
OH,Cincinnati,3915000-39061027000,3915000,39061027000,50.3,3518,39.1376234106,-84.4947984045,50
OH,Columbus,3918000-39049001400,3918000,39049001400,50.8,1543,39.9952119196,-82.9871072618,57
OH,Akron,3901000-39153502101,3901000,39153502101,35.4,3001,41.1080465714,-81.5000126655,37
OH,Columbus,3918000-39049007512,3918000,39049007512,46.4,4053,40.0056314795,-82.9447548422,26
OH,Toledo,3977000-39095004800,3977000,39095004800,45.5,3467,41.6435801152,-83.5244735974,72
OH,Canton,3912000-39151701700,3912000,39151701700,42.1,3231,40.8050167473,-81.3830136179,76
OH,Cleveland,3916000-39035118400,3916000,39035118400,47.8,1772,41.5265335581,-81.6019883606,53
OH,Akron,3901000-39153503500,3901000,39153503500,44.8,3739,41.0493532602,-81.4838908858,43
OH,Cincinnati,3915000-39061005000,3915000,39061005000,21.9,4756,39.1414637472,-84.4452772664,90
OH,Cincinnati,3915000-39061024200,3915000,39061024200,35.6,387,39.1650549585,-84.3872928941,44
OH,Columbus,3918000-39049005700,3918000,39049005700,27.1,3629,39.9458903065,-82.9991982794,93
OH,Columbus,3918000-39049000920,3918000,39049000920,48.3,2069,40.0163005764,-82.962752876,60
OH,Cincinnati,3915000-39061009600,3915000,39061009600,35.9,4456,39.1012452598,-84.567686193,37
OH,Toledo,3977000-39095005503,3977000,39095005503,35.7,2217,41.7067724776,-83.4936940048,37
OH,Columbus,3918000-39049006100,3918000,39049006100,43.1,2398,39.9255084545,-82.990575826,66
OH,Columbus,3918000-39049005810,3918000,39049005810,27.8,2548,39.9378937154,-82.9913901592,87
OH,Toledo,3977000-39095002500,3977000,39095002500,54.7,2195,41.6582675808,-83.5757379852,62
OH,Cleveland,3916000-39035115800,3916000,39035115800,45.9,3226,41.4471264786,-81.6331989762,50
OH,Columbus,3918000-39049009325,3918000,39049009325,46.4,4598,39.9274699033,-82.8827282771,46
OH,Akron,3901000-39153507102,3901000,39153507102,28.4,2780,41.1149241741,-81.5968992025,31
OH,Cleveland,3916000-39035101501,3916000,39035101501,40.6,2194,41.4740922475,-81.7564526211,61
OH,Toledo,3977000-39095005200,3977000,39095005200,40.5,3475,41.622422954,-83.5337503403,28
OH,Akron,3901000-39153507300,3901000,39153507300,28.8,3314,41.0993343958,-81.5386252605,72
OH,Dayton,3921000-39113000400,3921000,39113000400,53.0,4263,39.7777700258,-84.2401966879,29
OH,Canton,3912000-39151702500,3912000,39151702500,40.3,3231,40.7787773461,-81.4016710252,18
OH,Cincinnati,3915000-39061026600,3915000,39061026600,30.6,1518,39.114856841,-84.4570218871,14
OH,Columbus,3918000-39049009334,3918000,39049009334,41.9,2810,39.9370611569,-82.9007817756,26
OH,Columbus,3918000-39049007202,3918000,39049007202,32.7,2846,40.0687184381,-82.8980212229,10
OH,Akron,3901000-39153505800,3901000,39153505800,35.6,4872,41.0307763881,-81.5603211029,25
OH,Columbus,3918000-39049008142,3918000,39049008142,28.5,6527,39.9729211358,-83.1395949049,9
OH,Cincinnati,3915000-39061009700,3915000,39061009700,41.4,4842,39.1098551962,-84.58358193,61
OH,Columbus,3918000-39049002730,3918000,39049002730,44.8,2104,39.9708870174,-82.9101720723,64
OH,Cleveland,3916000-39035119501,3916000,39035119501,35.4,2536,41.4829825363,-81.5884397082,87
OH,Dayton,3921000-39113002600,3921000,39113002600,41.5,5565,39.7471533853,-84.1482181024,66
OH,Cleveland,3916000-39035104400,3916000,39035104400,36.2,1498,41.4739540836,-81.6882137093,48
OH,Youngstown,3988000-39099801200,3988000,39099801200,40.0,1618,41.0703298533,-80.6294970384,36
OH,Columbus,3918000-39049008400,3918000,39049008400,21.0,136,39.9779971867,-83.0567233299,37
OH,Columbus,3918000-39049006393,3918000,39049006393,26.8,5236,40.1320019488,-83.0806967312,30
OH,Cincinnati,3915000-39061004100,3915000,39061004100,35.5,1552,39.1327046537,-84.4696337691,68
OH,Cleveland,3916000-39035120701,3916000,39035120701,49.3,1649,41.4636208373,-81.5925242901,64
OH,Cleveland,3916000-39035116400,3916000,39035116400,49.0,2990,41.5324606253,-81.6208550435,39
OH,Columbus,3918000-39049009450,3918000,39049009450,30.8,2652,39.8642379864,-82.816864422,8
OH,Cincinnati,3915000-39061009300,3915000,39061009300,37.3,2848,39.1113516599,-84.5582974446,57
OH,Dayton,3921000-39113002900,3921000,39113002900,37.7,4062,39.7309132444,-84.1342232305,59
OH,Dayton,3921000-39113000802,3921000,39113000802,51.7,2383,39.7809105263,-84.2149609191,44
OH,Columbus,3918000-39049007047,3918000,39049007047,30.2,3716,40.1188950439,-82.9806837108,50
OH,Cincinnati,3915000-39061010400,3915000,39061010400,28.8,1307,39.0883202775,-84.6429695181,13
OH,Toledo,3977000-39095007301,3977000,39095007301,34.5,4385,41.627097308,-83.6745960451,20
OH,Columbus,3918000-39049008210,3918000,39049008210,40.9,1578,39.963988932,-83.1009226449,20
OH,Cleveland,3916000-39035120400,3916000,39035120400,47.8,2444,41.4636999694,-81.6178541682,31
OH,Columbus,3918000-39049010200,3918000,39049010200,33.4,15575,39.888571457,-82.832127215,9
OH,Columbus,3918000-39049000120,3918000,39049000120,26.1,3162,40.049027236,-83.0189977419,77
OH,Cleveland,3916000-39035106400,3916000,39035106400,32.2,1115,41.4346412364,-81.7138575476,72
OH,Dayton,3921000-39113003402,3921000,39113003402,31.5,3904,39.7406750078,-84.1783223624,78
OH,Cleveland,3916000-39035102102,3916000,39035102102,35.3,2512,41.4517951191,-81.7640973674,62
OH,Cincinnati,3915000-39061008100,3915000,39061008100,41.2,2491,39.1911779344,-84.5317369747,8
OH,Columbus,3918000-39049006822,3918000,39049006822,28.4,1876,40.0732833009,-83.0096994933,46
OH,Cleveland,3916000-39035119702,3916000,39035119702,54.2,2227,41.4754110381,-81.5974177931,65
OH,Cleveland,3916000-39035118700,3916000,39035118700,25.6,3679,41.5115021537,-81.6084362324,86
OH,Columbus,3918000-39049005820,3918000,39049005820,35.1,2230,39.9322037958,-82.990959486,77
OH,Columbus,3918000-39049008241,3918000,39049008241,36.0,1819,39.9775522002,-83.0751921396,14
OH,Akron,3901000-39153532302,3901000,39153532302,25.9,1293,41.1424232163,-81.6011140572,7
OH,Toledo,3977000-39095003300,3977000,39095003300,55.2,1701,41.6505868395,-83.5635324808,64
OH,Columbus,3918000-39049001902,3918000,39049001902,26.3,3312,39.9889336691,-83.0476274015,91
OH,Cincinnati,3915000-39061010202,3915000,39061010202,31.6,2518,39.1427006512,-84.5988762603,21
OH,Dayton,3921000-39113003100,3921000,39113003100,39.3,2703,39.7261367245,-84.1478480064,71
OH,Toledo,3977000-39095010200,3977000,39095010200,38.2,2422,41.6191870351,-83.598940379,36
OH,Columbus,3918000-39049009323,3918000,39049009323,45.7,3232,39.9413730177,-82.8852938434,49
OH,Columbus,3918000-39049005100,3918000,39049005100,48.9,1800,39.9426978208,-83.0158076155,52
OH,Cleveland,3916000-39035102402,3916000,39035102402,40.2,3250,41.4669985031,-81.742902253,69
OH,Toledo,3977000-39095002600,3977000,39095002600,50.7,1345,41.6571213626,-83.563329545,50
OH,Cleveland,3916000-39035102101,3916000,39035102101,39.7,3152,41.4600037213,-81.7634312154,77
OH,Akron,3901000-39153509000,3901000,39153509000,44.3,1802,41.0797942954,-81.4938454196,44
OH,Cleveland,3916000-39035112200,3916000,39035112200,51.9,1341,41.518058514,-81.6298274829,54
OH,Columbus,3918000-39049007494,3918000,39049007494,31.9,1441,40.0502265851,-82.8972513746,10
OH,Columbus,3918000-39049007209,3918000,39049007209,25.6,5457,40.0693754465,-82.8523639699,24
OH,Toledo,3977000-39095007303,3977000,39095007303,46.7,5037,41.6214095853,-83.6457684827,23
OH,Cincinnati,3915000-39061008000,3915000,39061008000,46.8,4787,39.1898685923,-84.5094399423,5
OH,Akron,3901000-39153506800,3901000,39153506800,45.9,2141,41.0694600366,-81.5273693497,59
OH,Youngstown,3988000-39099804100,3988000,39099804100,37.6,1455,41.1214899231,-80.6564717155,47
OH,Cincinnati,3915000-39061004602,3915000,39061004602,27.1,3728,39.0880523696,-84.3862800879,69
OH,Akron,3901000-39153502500,3901000,39153502500,43.1,1184,41.0723939224,-81.483166009,48
OH,Dayton,3921000-39113002400,3921000,39113002400,41.6,2469,39.7593498062,-84.1426211349,42
OH,Cleveland,3916000-39035114700,3916000,39035114700,55.7,240,41.4806948756,-81.6411083597,44
OH,Columbus,3918000-39049009430,3918000,39049009430,35.8,6621,39.901244009,-82.9067219656,2
OH,Toledo,3977000-39095008500,3977000,39095008500,35.8,3899,41.6606743513,-83.6793728552,66
OH,Cincinnati,3915000-39061006300,3915000,39061006300,42.1,3723,39.1772117411,-84.4624265407,59
OH,Akron,3901000-39153504600,3901000,39153504600,40.4,3376,41.053602671,-81.5050115988,47
OH,Canton,3912000-39151700600,3912000,39151700600,35.7,3290,40.8167502245,-81.374732017,62
OH,Youngstown,3988000-39099813700,3988000,39099813700,51.2,3051,41.0928927272,-80.6318493301,20
OH,Columbus,3918000-39049009495,3918000,39049009495,35.1,2327,39.8836273069,-82.9130805351,2
OH,Akron,3901000-39153502600,3901000,39153502600,35.4,3054,41.0687054497,-81.4691981414,56
OH,Cincinnati,3915000-39061006400,3915000,39061006400,46.6,3249,39.1770933803,-84.476584883,65
OH,Canton,3912000-39151711600,3912000,39151711600,32.0,175,40.8111775843,-81.4051097894,59
OH,Akron,3901000-39153506100,3901000,39153506100,34.5,5326,41.1008073448,-81.5749891516,26
OH,Cleveland,3916000-39035105900,3916000,39035105900,34.8,2968,41.425293992,-81.7028966478,57
OH,Columbus,3918000-39049007721,3918000,39049007721,43.3,4563,40.0559957358,-82.9656618848,64
OH,Akron,3901000-39153504700,3901000,39153504700,32.7,4378,41.043278007,-81.5135793232,58
OH,Youngstown,3988000-39099802702,3988000,39099802702,30.8,2854,41.0725477281,-80.6911858859,17
OH,Toledo,3977000-39095004501,3977000,39095004501,35.7,2704,41.611474397,-83.5851366338,38
OH,Cleveland,3916000-39035114300,3916000,39035114300,52.8,1927,41.4784006137,-81.6353001189,48
OH,Cincinnati,3915000-39061010700,3915000,39061010700,30.2,979,39.1232573272,-84.6038860421,73
OH,Columbus,3918000-39049007730,3918000,39049007730,35.8,2925,40.0577013234,-82.9877481799,66
OH,Columbus,3918000-39045032701,3918000,39045032701,33.0,3628,39.9193951638,-82.7958108933,5
OH,Columbus,3918000-39049007511,3918000,39049007511,48.8,1851,40.0061666191,-82.9606359345,38
OH,Cincinnati,3915000-39061009902,3915000,39061009902,34.9,3560,39.1077457888,-84.5969526423,48
OH,Cleveland,3916000-39035121200,3916000,39035121200,50.2,1764,41.4527407826,-81.587812842,55
OH,Columbus,3918000-39049009331,3918000,39049009331,51.3,803,39.9478520488,-82.9012012486,63
OH,Akron,3901000-39153531802,3901000,39153531802,32.7,1056,41.0139707819,-81.5102986532,9
OH,Columbus,3918000-39049009361,3918000,39049009361,33.0,4760,39.9658176094,-82.8503286072,4
OH,Cincinnati,3915000-39061004800,3915000,39061004800,22.6,3225,39.1323721857,-84.4168855552,25
OH,Columbus,3918000-39049009752,3918000,39049009752,31.0,2669,39.9058261762,-83.1106715358,1
OH,Columbus,3918000-39049006931,3918000,39049006931,40.6,6249,40.0820174259,-82.9646064323,67
OH,Akron,3901000-39153503200,3901000,39153503200,45.4,1829,41.0601439628,-81.495563783,37
OH,Cleveland,3916000-39035102800,3916000,39035102800,42.7,2048,41.4660463293,-81.7166492325,65
OH,Cleveland,3916000-39035118301,3916000,39035118301,45.6,2486,41.5184721777,-81.6120066981,63
OH,Dayton,3921000-39113004200,3921000,39113004200,57.3,2447,39.7418217406,-84.2424154828,36
OH,Toledo,3977000-39095001302,3977000,39095001302,35.0,2231,41.671389039,-83.6091638166,57
OH,Columbus,3918000-39049008141,3918000,39049008141,30.4,5854,39.9598937628,-83.1593902114,16
OH,Cincinnati,3915000-39061009500,3915000,39061009500,41.1,2399,39.1088352206,-84.5727056544,75
OH,Columbus,3918000-39049007205,3918000,39049007205,24.5,3577,40.1008596906,-82.8273801519,35
OH,Cleveland,3916000-39035106500,3916000,39035106500,31.5,2520,41.4261095326,-81.7249435325,60
OH,Columbus,3918000-39049009372,3918000,39049009372,40.0,4306,39.9261539717,-82.854401239,19
OH,Toledo,3977000-39095005902,3977000,39095005902,38.2,4103,41.7136882255,-83.6142764854,42
OH,Columbus,3918000-39049008162,3918000,39049008162,33.0,6294,39.9334314147,-83.159074695,36
OH,Cleveland,3916000-39035121300,3916000,39035121300,50.7,2276,41.4453976613,-81.6127800603,22
OH,Cleveland,3916000-39035114600,3916000,39035114600,46.2,1284,41.4737717773,-81.6431805303,27
OH,Columbus,3918000-39049008311,3918000,39049008311,39.1,4801,39.9420564151,-83.1022018306,58
OH,Columbus,3918000-39049001901,3918000,39049001901,22.9,1974,39.9857650784,-83.0295801727,81
OH,Columbus,3918000-39049006230,3918000,39049006230,22.0,4355,40.0664206376,-83.1697520121,18
OH,Cleveland,3916000-39035121100,3916000,39035121100,50.7,2285,41.4537603623,-81.5969977605,50
OH,Youngstown,3988000-39099814000,3988000,39099814000,44.1,3340,41.117756581,-80.6676000045,37
OH,Akron,3901000-39153507203,3901000,39153507203,29.1,4334,41.120490601,-81.5419615617,11
OH,Cincinnati,3915000-39061004900,3915000,39061004900,22.6,6278,39.1296872949,-84.4452159994,29
OH,Columbus,3918000-39049006932,3918000,39049006932,38.5,5996,40.0721969247,-82.9631818677,41
OH,Columbus,3918000-39049009590,3918000,39049009590,36.2,584,39.840892814,-82.98903509,6
OH,Columbus,3918000-39049007820,3918000,39049007820,21.4,4095,40.0220544527,-83.0272769386,56
OH,Dayton,3921000-39113001700,3921000,39113001700,50.7,763,39.7807852126,-84.1860695687,43
OH,Cleveland,3916000-39035108201,3916000,39035108201,33.3,1354,41.5255127593,-81.6601450454,14
OH,Youngstown,3988000-39099804000,3988000,39099804000,38.4,2395,41.1155329532,-80.6427950535,58
OH,Toledo,3977000-39095005600,3977000,39095005600,34.5,2134,41.7186975053,-83.5097920234,37
OH,Cincinnati,3915000-39061007700,3915000,39061007700,48.8,3200,39.1495458304,-84.5526957637,45
OH,Canton,3912000-39151700400,3912000,39151700400,35.0,3818,40.8218136636,-81.3591694358,33
OH,Toledo,3977000-39095004702,3977000,39095004702,41.5,3829,41.6501069473,-83.4969024443,28
OH,Toledo,3977000-39095001000,3977000,39095001000,45.0,3776,41.6843325712,-83.5346466891,72
OH,Columbus,3918000-39049007830,3918000,39049007830,22.9,2109,39.9957375668,-83.0395522511,72
OH,Cleveland,3916000-39035104100,3916000,39035104100,44.6,1095,41.4789911984,-81.6978516783,73
OH,Toledo,3977000-39095003100,3977000,39095003100,50.9,1244,41.6430906994,-83.595966945,27
OH,Cleveland,3916000-39035102401,3916000,39035102401,42.3,2114,41.4608839867,-81.7449560216,59
OH,Columbus,3918000-39049002710,3918000,39049002710,46.0,1858,39.9799914113,-82.9192523155,28
OH,Toledo,3977000-39095000900,3977000,39095000900,49.2,2547,41.6929486299,-83.5419799521,28
OH,Akron,3901000-39153504500,3901000,39153504500,40.7,1934,41.0510032877,-81.5142788454,56
OH,Columbus,3918000-39049006923,3918000,39049006923,32.4,3281,40.0792492182,-82.9818480652,34
OH,Columbus,3918000-39049001110,3918000,39049001110,24.7,3688,40.0091635618,-83.0142462218,81
OH,Columbus,3918000-39049004620,3918000,39049004620,39.1,2659,39.949682831,-83.0737713094,56
OH,Cincinnati,3915000-39061007000,3915000,39061007000,31.4,2471,39.1541005303,-84.5121931423,13
OH,Cleveland,3916000-39035119502,3916000,39035119502,41.9,1772,41.483090369,-81.593725296,75
OH,Dayton,3921000-39113004400,3921000,39113004400,55.0,2252,39.7523560158,-84.2610802201,45
OH,Toledo,3977000-39095005802,3977000,39095005802,35.5,4762,41.7140533827,-83.5950879205,
OH,Columbus,3918000-39049007941,3918000,39049007941,28.5,2577,40.0013142969,-83.1025755726,16
OH,Columbus,3918000-39049008164,3918000,39049008164,37.5,4008,39.933867309,-83.1338777792,15
OH,Columbus,3918000-39049003200,3918000,39049003200,23.4,2147,39.9717518176,-83.0156367298,57
OH,Youngstown,3988000-39099802400,3988000,39099802400,48.0,2890,41.0669882113,-80.6690339264,48
OH,Youngstown,3988000-39099801000,3988000,39099801000,44.8,1628,41.0826031444,-80.6382332166,4
OH,Cleveland,3916000-39035121500,3916000,39035121500,47.9,2957,41.4487321231,-81.5786252858,51
OH,Columbus,3918000-39049000310,3918000,39049000310,33.8,3119,40.0366971823,-82.993615935,57
OH,Cleveland,3916000-39035105400,3916000,39035105400,38.4,3646,41.4516161012,-81.7100575746,61
OH,Cleveland,3916000-39035101200,3916000,39035101200,39.3,2562,41.4897507298,-81.7392676389,34
OH,Cincinnati,3915000-39061006500,3915000,39061006500,30.3,5919,39.1587849503,-84.4796512739,31
OH,Parma,3961000-39035177103,3961000,39035177103,32.8,4092,41.412291996,-81.7467405829,50
OH,Cleveland,3916000-39035123501,3916000,39035123501,35.8,3482,41.4640108333,-81.7785965108,66
OH,Canton,3912000-39151701800,3912000,39151701800,48.5,2247,40.8055433127,-81.345126063,15
OH,Parma,3961000-39035177104,3961000,39035177104,32.3,3680,41.4124618442,-81.7329582081,80
OH,Parma,3961000-39035177202,3961000,39035177202,30.3,3362,41.4136983591,-81.7165924155,59
OH,Parma,3961000-39035177302,3961000,39035177302,28.7,2582,41.3984092434,-81.6926260186,61
OH,Cincinnati,3915000-39061009800,3915000,39061009800,42.3,2013,39.1212098646,-84.58134354,36
OH,Youngstown,3988000-39099801300,3988000,39099801300,41.5,2330,41.0682550461,-80.6154651105,26
OH,Cincinnati,3915000-39061006800,3915000,39061006800,44.2,3871,39.152427812,-84.4948333541,31
OH,Dayton,3921000-39113090302,3921000,39113090302,42.9,1071,39.7962228297,-84.1275376131,38
OH,Columbus,3918000-39049006396,3918000,39049006396,28.4,4275,40.0801587199,-83.072498413,5
OH,Cleveland,3916000-39035103300,3916000,39035103300,42.6,2222,41.4949781573,-81.7080681326,79
OH,Dayton,3921000-39113000100,3921000,39113000100,56.3,1879,39.7948605633,-84.2619848263,30
OH,Cincinnati,3915000-39061006100,3915000,39061006100,38.4,2733,39.1981225701,-84.4843420996,26
OH,Cleveland,3916000-39035123602,3916000,39035123602,31.6,3002,41.4407362466,-81.8302345909,12
OH,Columbus,3918000-39049007207,3918000,39049007207,27.7,3945,40.097001181,-82.8519755401,14
OH,Akron,3901000-39153506500,3901000,39153506500,48.5,2965,41.0879242025,-81.5483199256,57
OH,Cleveland,3916000-39035108301,3916000,39035108301,33.4,1647,41.5077715588,-81.6610617742,75
OH,Akron,3901000-39153504800,3901000,39153504800,30.2,4810,41.034363163,-81.5163240223,61
OH,Columbus,3918000-39049010100,3918000,39049010100,32.4,973,40.0454151952,-82.9167306441,53
OH,Cincinnati,3915000-39061026800,3915000,39061026800,21.2,1481,39.1075945006,-84.4991666752,69
OH,Cincinnati,3915000-39061009901,3915000,39061009901,29.3,4008,39.1149424462,-84.6024263513,45
OH,Cleveland,3916000-39035119800,3916000,39035119800,52.7,3407,41.4691104215,-81.5934333309,56
